customer_id,name,birth_day,phone_number
1,Константинов Евгений Иванович,1983.11.13,+7 (969) 824-47-27
2,Смирнов Руслан Игоревич,1959.01.21,+7 (388) 007-96-08
3,Титов Денис Матвеевич,1949.02.27,+7 (399) 244-07-27
4,Дмитриев Даниил Львович,1960.03.15,+7 (907) 474-43-82
5,Терехова Ульяна Михайловна,1997.03.06,+7 (569) 622-69-00
6,Белкина Кира Александровна,1953.03.23,+7 (697) 087-39-19
7,Белов Тихон Алиевич,1991.03.21,+7 (189) 835-33-19
8,Кузина Василиса Тимуровна,1972.12.30,+7 (574) 481-54-51
9,Белов Георгий Андреевич,1945.04.14,+7 (299) 028-12-71
10,Воробьева Елена Глебовна,1988.03.19,+7 (655) 576-17-66
11,Клюев Евгений Савельевич,1997.06.08,+7 (605) 367-16-09
12,Комиссаров Платон Денисович,1956.01.09,+7 (371) 473-41-80
13,Филимонова Лидия Александровна,1948.12.14,+7 (351) 799-47-33
14,Гончаров Егор Степанович,1948.02.15,+7 (192) 937-58-75
15,Герасимов Матвей Иванович,1978.12.12,+7 (295) 718-27-17
16,Хомяков Яков Фёдорович,1948.11.11,+7 (599) 859-40-94
17,Алексеева Милана Семёновна,1992.05.02,+7 (418) 251-42-48
18,Смирнова Вероника Ивановна,1980.05.09,+7 (733) 242-17-74
19,Грачева Дарья Данииловна,1983.09.11,+7 (994) 470-60-35
20,Орлова Сафия Егоровна,1950.05.22,+7 (256) 048-54-78
21,Козлов Дамир Маркович,1948.05.05,+7 (606) 456-38-35
22,Лазарев Роман Фёдорович,1945.06.06,+7 (561) 013-63-28
23,Орлов Дмитрий Арсентьевич,1978.11.05,+7 (832) 156-77-19
24,Данилов Филипп Тимофеевич,1975.04.07,+7 (889) 486-45-34
25,Верещагина Екатерина Семёновна,1981.11.23,+7 (331) 034-17-80
26,Панина Вера Дмитриевна,1978.03.10,+7 (086) 460-52-84
27,Головин Герман Ильич,1989.04.05,+7 (972) 524-20-94
28,Терехов Лев Кириллович,1988.12.05,+7 (346) 071-23-80
29,Агеев Даниил Львович,1954.04.04,+7 (793) 766-38-44
30,Никитин Григорий Романович,1966.12.28,+7 (983) 519-91-47
31,Рыжова Медина Глебовна,1998.06.19,+7 (067) 608-47-74
32,Морозова Дарья Александровна,1944.02.03,+7 (963) 017-15-72
33,Гончаров Илья Кириллович,1997.11.25,+7 (125) 453-66-16
34,Фролова Лидия Александровна,1998.07.24,+7 (266) 721-57-93
35,Иванова Анастасия Марковна,1968.09.26,+7 (077) 113-28-73
36,Кириллов Роман Михайлович,1984.12.30,+7 (730) 357-04-58
37,Лебедев Тимофей Миронович,1955.04.10,+7 (295) 363-97-65
38,Романов Алексей Ильич,1940.07.23,+7 (911) 941-96-33
39,Родионов Дмитрий Павлович,1982.06.03,+7 (836) 193-35-50
40,Масленникова Лидия Максимовна,1997.11.27,+7 (238) 181-33-17
41,Кириллов Лев Львович,1945.02.08,+7 (523) 618-90-43
42,Иванова Полина Арсентьевна,1949.09.11,+7 (689) 713-55-80
43,Сафонова София Ярославовна,1956.04.29,+7 (677) 355-10-77
44,Кочетова Екатерина Дмитриевна,1972.09.09,+7 (259) 233-96-58
45,Кузьмина Элина Егоровна,1972.12.09,+7 (140) 096-54-00
46,Белкина Елизавета Максимовна,1943.10.29,+7 (887) 093-71-90
47,Марков Артём Даниилович,1952.10.05,+7 (550) 840-88-04
48,Орлов Иван Маркович,1994.09.29,+7 (927) 545-56-25
49,Пономарев Вячеслав Сергеевич,1941.12.01,+7 (063) 206-16-06
50,Климова Мария Павловна,1947.01.19,+7 (553) 406-14-40
51,Семенова Ева Алексеевна,1972.05.17,+7 (100) 225-55-36
52,Новиков Михаил Олегович,1995.08.10,+7 (917) 029-24-16
53,Скворцов Виктор Маркович,1963.08.21,+7 (186) 489-32-29
54,Греков Евгений Павлович,1957.05.26,+7 (986) 201-01-09
55,Маркина Юлия Макаровна,1996.04.04,+7 (901) 684-49-07
56,Куприянова Варвара Григорьевна,1961.11.13,+7 (296) 430-05-87
57,Макаров Григорий Александрович,1990.07.22,+7 (926) 980-32-99
58,Терехова Ева Алексеевна,1990.06.10,+7 (942) 007-96-67
59,Кузнецов Иван Тимурович,1951.09.21,+7 (475) 792-53-76
60,Малышева Евгения Ярославовна,1950.11.14,+7 (624) 376-82-88
61,Соболев Пётр Павлович,1988.04.22,+7 (575) 530-74-47
62,Соловьев Семён Кириллович,1965.01.24,+7 (601) 494-84-79
63,Юдина Алиса Захаровна,1964.07.22,+7 (318) 852-67-89
64,Дмитриев Мирон Романович,1963.05.07,+7 (003) 005-96-72
65,Швецова София Дмитриевна,1992.08.29,+7 (498) 738-74-80
66,Мельников Юрий Иванович,1942.09.30,+7 (572) 934-23-59
67,Майоров Илья Алексеевич,1962.01.24,+7 (867) 539-17-81
68,Никитина София Кирилловна,1967.07.15,+7 (685) 566-18-41
69,Ткачева Алиса Кирилловна,1942.01.27,+7 (839) 447-78-02
70,Сазонов Кирилл Алексеевич,1997.04.06,+7 (267) 864-27-91
71,Корнева Софья Леоновна,1992.02.25,+7 (087) 884-54-06
72,Плотников Александр Никитич,1958.10.08,+7 (958) 926-68-41
73,Соловьев Александр Иванович,1960.02.16,+7 (830) 062-28-76
74,Кузьмина Валерия Георгиевна,1956.08.25,+7 (720) 580-40-32
75,Давыдов Артемий Фёдорович,1967.10.06,+7 (804) 953-40-70
76,Никонов Андрей Дмитриевич,1956.09.28,+7 (992) 451-20-54
77,Новиков Роман Константинович,1993.09.29,+7 (215) 843-01-99
78,Кондрашова Марьям Ярославовна,1983.07.29,+7 (993) 039-97-58
79,Волошин Владимир Матвеевич,1995.07.14,+7 (202) 591-63-06
80,Кондрашова Маргарита Артёмовна,1947.03.03,+7 (518) 875-29-85
81,Калмыкова Анна Фёдоровна,1949.03.12,+7 (613) 464-54-53
82,Лобанов Дмитрий Глебович,1989.04.28,+7 (105) 441-66-32
83,Харитонова Аиша Давидовна,1972.01.30,+7 (550) 050-41-17
84,Матвеева Аиша Арсентьевна,1968.12.27,+7 (010) 812-76-93
85,Николаев Артём Максимович,1966.01.04,+7 (143) 332-33-59
86,Мещеряков Даниэль Артёмович,1950.10.21,+7 (187) 679-72-50
87,Панков Георгий Платонович,1959.12.31,+7 (158) 294-10-40
88,Аксенова Мирослава Михайловна,2000.04.04,+7 (745) 726-78-68
89,Устинова Варвара Руслановна,1966.01.21,+7 (210) 014-72-36
90,Воронов Степан Андреевич,1981.08.27,+7 (726) 913-83-88
91,Савельев Даниил Алексеевич,1972.10.10,+7 (005) 441-38-98
92,Березин Матвей Михайлович,1980.07.04,+7 (010) 992-51-31
93,Тимофеева Мелания Данииловна,1940.11.21,+7 (588) 498-30-40
94,Рыбаков Роман Александрович,1991.01.16,+7 (202) 958-94-95
95,Сергеев Марк Григорьевич,1951.01.20,+7 (432) 432-05-70
96,Орлова Варвара Лукинична,1951.06.09,+7 (551) 152-79-67
97,Андреева Анастасия Кирилловна,1980.09.25,+7 (945) 000-81-13
98,Антонов Альберт Романович,2000.04.18,+7 (824) 115-39-80
99,Леонтьева Кира Тимуровна,1968.03.24,+7 (033) 108-29-63
100,Платонов Платон Андреевич,1999.04.04,+7 (845) 141-97-78
101,Филиппова Ксения Арсентьевна,1982.06.14,+7 (895) 084-21-59
102,Тихонова Полина Дмитриевна,2000.08.19,+7 (233) 135-49-30
103,Павлова Дарья Тимофеевна,1998.07.24,+7 (419) 586-06-31
104,Золотова Злата Павловна,1956.06.30,+7 (414) 131-08-05
105,Данилова Ярослава Владимировна,1954.09.30,+7 (942) 135-40-10
106,Степанов Марк Вячеславович,1978.02.05,+7 (691) 220-49-31
107,Антонов Егор Андреевич,1965.06.14,+7 (284) 539-67-02
108,Горбачев Станислав Артёмович,1943.07.24,+7 (931) 916-58-81
109,Карасев Александр Иванович,1940.06.05,+7 (598) 426-91-84
110,Соколова Кира Матвеевна,2000.03.16,+7 (124) 000-99-03
111,Козлов Мирон Львович,1957.04.20,+7 (013) 729-82-30
112,Савин Егор Демидович,1955.10.23,+7 (982) 570-34-55
113,Курочкина Валерия Львовна,1994.07.24,+7 (675) 197-19-28
114,Козлов Максим Даниилович,1977.09.24,+7 (917) 537-54-33
115,Лазарев Артём Егорович,1961.01.24,+7 (454) 177-40-10
116,Грачева Ульяна Алексеевна,1999.07.26,+7 (500) 983-81-39
117,Иванова Алиса Ильинична,1998.07.23,+7 (045) 061-91-89
118,Герасимова София Романовна,1951.02.07,+7 (046) 447-67-05
119,Цветкова Анастасия Артёмовна,1973.12.27,+7 (513) 807-04-22
120,Сухарева Ксения Владимировна,1991.11.27,+7 (350) 638-93-75
121,Куликов Алексей Васильевич,1952.09.08,+7 (455) 542-52-79
122,Киселев Георгий Глебович,1970.08.13,+7 (964) 524-05-50
123,Кузьмина Анфиса Ильинична,1968.11.24,+7 (425) 046-71-88
124,Быков Константин Русланович,1966.05.03,+7 (956) 979-85-59
125,Петрова Амина Викторовна,1997.04.22,+7 (721) 645-22-45
126,Зайцева Мария Александровна,1942.12.19,+7 (671) 038-41-69
127,Титов Павел Артемьевич,1955.09.14,+7 (950) 470-49-24
128,Морозов Фёдор Ярославович,1942.01.01,+7 (877) 599-38-42
129,Назарова Наталья Лукинична,1983.07.26,+7 (190) 244-31-65
130,Климов Иван Миронович,1980.04.04,+7 (603) 819-41-96
131,Артамонова Евгения Викторовна,1991.01.30,+7 (548) 295-40-45
132,Черкасова Елизавета Егоровна,1945.03.09,+7 (672) 392-21-63
133,Королев Дмитрий Иванович,1994.06.19,+7 (063) 902-42-10
134,Лобанов Даниил Глебович,1946.01.24,+7 (884) 929-48-13
135,Васильева Аиша Данииловна,1984.04.19,+7 (866) 314-08-83
136,Короткова Вера Макаровна,1957.04.21,+7 (992) 635-59-49
137,Макеева Алиса Константиновна,1940.09.10,+7 (314) 863-22-07
138,Козлов Сергей Михайлович,1968.02.28,+7 (288) 426-19-66
139,Сидоров Кирилл Фёдорович,1982.03.03,+7 (599) 768-59-45
140,Захаров Лев Егорович,1950.01.16,+7 (514) 227-13-92
141,Зверев Павел Фёдорович,1962.10.30,+7 (196) 935-23-87
142,Максимов Дамир Георгиевич,2000.06.06,+7 (770) 997-15-83
143,Кузьмина Анна Артёмовна,1974.11.21,+7 (795) 616-35-86
144,Прохорова Виктория Артёмовна,1959.04.06,+7 (481) 706-30-56
145,Рыжов Егор Арсентьевич,1959.03.09,+7 (238) 452-82-42
146,Кондратьева Мелания Егоровна,1953.10.16,+7 (523) 286-14-52
147,Белова Варвара Константиновна,1996.10.05,+7 (720) 270-82-79
148,Зайцева Мария Данииловна,1982.11.23,+7 (779) 389-12-21
149,Кочергин Ибрагим Владиславович,1973.01.27,+7 (483) 024-95-34
150,Осипова Виктория Эмировна,1940.04.22,+7 (364) 106-98-60
151,Чистякова Милана Данииловна,1941.05.27,+7 (364) 499-43-35
152,Шаповалова Ксения Святославовна,1961.11.01,+7 (249) 979-91-24
153,Прохоров Лев Русланович,1986.06.13,+7 (831) 941-56-20
154,Одинцова Владислава Михайловна,1960.07.17,+7 (845) 665-37-60
155,Селезнев Артём Дмитриевич,1978.01.03,+7 (607) 513-58-86
156,Смирнова Аделина Мироновна,1981.09.22,+7 (617) 556-36-38
157,Иванова Юлия Павловна,1959.10.15,+7 (302) 489-35-34
158,Леонтьев Захар Маркович,1974.01.19,+7 (857) 147-29-83
159,Соколова Мария Кирилловна,1987.02.17,+7 (356) 502-53-94
160,Демина Анна Михайловна,1946.08.23,+7 (749) 942-76-53
161,Павлова Анна Егоровна,2000.12.21,+7 (503) 805-36-12
162,Ефремова Анна Егоровна,1982.06.19,+7 (048) 246-26-28
163,Коновалова Стефания Игоревна,1984.07.18,+7 (673) 875-24-84
164,Соколов Артём Максимович,1981.04.15,+7 (112) 122-11-14
165,Филиппов Марк Николаевич,1948.06.03,+7 (526) 043-81-77
166,Костина Николь Фёдоровна,1941.08.19,+7 (524) 521-04-90
167,Козлов Максим Данилович,1990.07.13,+7 (188) 918-28-50
168,Зайцева Карина Давидовна,1957.08.22,+7 (040) 619-69-71
169,Карасева София Алексеевна,1968.02.07,+7 (413) 978-01-85
170,Марков Марк Родионович,1956.07.28,+7 (791) 871-15-56
171,Афанасьева Анна Леонидовна,1998.07.21,+7 (932) 902-42-69
172,Окулов Даниил Адрианович,1973.09.25,+7 (895) 124-10-47
173,Сергеев Михаил Тимофеевич,1957.09.16,+7 (176) 777-54-78
174,Константинов Артём Филиппович,1960.06.06,+7 (083) 163-97-63
175,Афанасьева Екатерина Ивановна,1969.01.07,+7 (402) 330-92-02
176,Жуков Марк Артемьевич,1962.02.17,+7 (809) 759-07-59
177,Куликова Ева Артёмовна,1959.04.10,+7 (626) 430-80-46
178,Кириллова Ксения Михайловна,1988.11.13,+7 (949) 694-32-48
179,Семенов Артём Ильич,1975.03.24,+7 (089) 018-79-93
180,Смирнов Тимур Максимович,1984.08.12,+7 (665) 822-77-52
181,Пугачев Константин Алексеевич,1980.02.22,+7 (476) 053-11-01
182,Михайлов Максим Георгиевич,1951.06.25,+7 (193) 962-97-99
183,Трофимова Елизавета Денисовна,1952.09.25,+7 (848) 497-41-17
184,Захаров Алексей Александрович,1959.11.19,+7 (830) 381-88-26
185,Королев Степан Павлович,1995.07.16,+7 (396) 888-77-02
186,Гладков Ярослав Арсентьевич,1989.12.02,+7 (815) 883-42-24
187,Ефимова Мария Ярославовна,1972.01.23,+7 (007) 068-91-66
188,Васильев Владимир Григорьевич,1992.09.16,+7 (083) 720-31-52
189,Акимова Мария Назаровна,1972.05.02,+7 (187) 460-76-15
190,Селиванова Анастасия Мироновна,1978.01.17,+7 (346) 137-97-01
191,Соколов Александр Лукич ,1991.03.30,+7 (653) 071-41-05
192,Прохоров Алексей Даниилович,1990.08.19,+7 (004) 578-56-05
193,Кузнецова Анна Всеволодовна,1947.04.27,+7 (558) 860-40-34
194,Макеев Захар Алексеевич,1940.01.01,+7 (905) 248-99-80
195,Калмыков Глеб Кириллович,1987.02.06,+7 (775) 966-88-51
196,Антонов Виктор Кириллович,1976.03.31,+7 (253) 130-64-54
197,Сухарев Дмитрий Матвеевич,1987.04.23,+7 (538) 135-14-12
198,Шмелев Дмитрий Константинович,1964.12.24,+7 (318) 327-01-86
199,Вдовин Максим Германович,1943.03.04,+7 (215) 797-78-79
200,Сазонова Дарина Матвеевна,1966.04.14,+7 (427) 965-16-68
201,Сергеева Кристина Дмитриевна,1962.06.16,+7 (318) 126-28-72
202,Масленников Георгий Тимофеевич,1975.08.27,+7 (980) 226-80-72
203,Тимофеев Макар Максимович,1962.04.10,+7 (509) 686-24-63
204,Колосов Александр Святославович,1981.03.20,+7 (504) 302-73-07
205,Горбунов Марк Алексеевич,1996.09.26,+7 (461) 435-59-27
206,Иванов Юрий Григорьевич,1951.06.30,+7 (634) 357-53-62
207,Иванова София Васильевна,1984.05.29,+7 (843) 282-22-41
208,Лебедева Александра Кирилловна,1941.10.04,+7 (128) 617-64-70
209,Балашов Мирон Георгиевич,1940.11.25,+7 (393) 880-87-40
210,Громов Герман Владиславович,1953.08.14,+7 (049) 655-47-92
211,Смирнова Сабина Алексеевна,1970.05.12,+7 (263) 325-40-42
212,Попова Олеся Артёмовна,1977.10.11,+7 (050) 577-90-51
213,Васильева Алиса Ильинична,1967.04.25,+7 (382) 807-52-23
214,Родин Демид Арсентьевич,1963.12.10,+7 (057) 761-57-06
215,Анисимов Григорий Александрович,1954.06.17,+7 (161) 874-71-28
216,Нечаев Андрей Егорович,1947.04.14,+7 (024) 641-61-95
217,Иванова Милана Константиновна,1973.02.27,+7 (340) 081-99-64
218,Дьякова Амина Артёмовна,1998.04.16,+7 (509) 564-61-43
219,Горелов Марат Ильич,1983.02.02,+7 (876) 050-86-68
220,Киселева Екатерина Артёмовна,1944.04.10,+7 (385) 553-02-92
221,Мельников Николай Иванович,1958.01.27,+7 (287) 275-25-29
222,Суханов Павел Иванович,1987.08.13,+7 (649) 848-41-30
223,Жарова Алиса Денисовна,1941.04.28,+7 (124) 106-15-34
224,Михеева Виктория Александровна,1967.04.22,+7 (617) 749-61-73
225,Васильев Марк Михайлович,1984.09.23,+7 (805) 293-73-75
226,Тарасова Виктория Андреевна,1999.11.12,+7 (251) 332-74-68
227,Ефимова Кристина Марковна,1972.04.19,+7 (203) 729-00-07
228,Елисеев Лев Романович,1993.01.21,+7 (483) 733-14-14
229,Голубев Тимофей Даниилович,1983.04.02,+7 (395) 862-80-73
230,Воронцов Адам Александрович,1978.05.05,+7 (432) 925-85-25
231,Королев Адам Тимурович,1986.06.13,+7 (868) 697-69-60
232,Беляев Тимур Ярославович,1987.05.23,+7 (471) 966-44-41
233,Сухова София Лукинична,1956.06.03,+7 (587) 478-42-82
234,Дубинина Ярослава Матвеевна,1951.09.22,+7 (916) 566-59-48
235,Иванов Владислав Филиппович,1956.01.31,+7 (845) 811-21-17
236,Демин Константин Даниилович,1952.05.13,+7 (874) 298-90-95
237,Мартынова Вероника Михайловна,1951.05.23,+7 (495) 159-78-41
238,Карасева Софья Алексеевна,1996.05.04,+7 (022) 735-78-29
239,Коршунова Валерия Арсентьевна,1977.04.25,+7 (587) 738-23-37
240,Кудрявцева Мирослава Алиевна,1962.11.10,+7 (870) 871-57-08
241,Жукова Евангелина Михайловна,1954.12.09,+7 (949) 188-46-23
242,Петровский Александр Александрович,1952.03.17,+7 (411) 853-03-73
243,Успенская Ева Артёмовна,1944.07.10,+7 (983) 772-42-32
244,Воронцов Эмиль Викторович,1992.06.18,+7 (615) 102-71-03
245,Савин Тимофей Ярославович,1983.02.27,+7 (015) 722-96-07
246,Петрова Мария Глебовна,1990.06.14,+7 (197) 341-68-12
247,Егоров Артём Фёдорович,1949.10.04,+7 (073) 180-27-82
248,Новикова Камилла Андреевна,1995.08.08,+7 (183) 436-70-50
249,Беляев Михаил Валерьевич,1992.01.22,+7 (461) 686-15-41
250,Николаев Никита Максимович,1990.03.31,+7 (950) 087-61-66
251,Лебедев Андрей Миронович,1972.01.14,+7 (653) 080-52-97
252,Терентьев Егор Тимофеевич,1997.02.14,+7 (298) 818-54-86
253,Севастьянова Варвара Никитична,1978.08.05,+7 (011) 250-69-57
254,Федоров Михаил Данилович,1965.08.22,+7 (037) 207-91-81
255,Панфилов Максим Георгиевич,1952.11.07,+7 (350) 399-23-62
256,Иванов Дмитрий Кириллович,1963.12.18,+7 (243) 743-31-45
257,Глухов Владимир Михайлович,1944.08.16,+7 (552) 747-67-39
258,Наумова София Кирилловна,1975.12.25,+7 (822) 856-74-75
259,Туманова Анна Павловна,1944.09.02,+7 (536) 317-17-69
260,Алексеева София Игоревна,1945.06.14,+7 (781) 241-25-92
261,Киселев Матвей Максимович,1991.07.26,+7 (318) 493-31-94
262,Кудрявцева Диана Семёновна,1951.01.04,+7 (569) 923-53-07
263,Егорова Дарья Павловна,1976.06.26,+7 (268) 174-56-02
264,Гусев Александр Тимурович,1991.07.02,+7 (558) 744-51-40
265,Орлов Матвей Даниилович,1965.04.07,+7 (220) 644-91-49
266,Иванова Анастасия Егоровна,1983.12.03,+7 (277) 993-85-61
267,Золотарева Софья Кирилловна,1995.03.23,+7 (950) 647-80-79
268,Морозов Алексей Алиевич,1967.02.17,+7 (596) 108-20-56
269,Овчинников Ярослав Никитич,1968.10.06,+7 (703) 382-11-55
270,Киселев Даниил Платонович,1959.06.20,+7 (244) 336-13-00
271,Павлова София Антоновна,1955.08.02,+7 (775) 372-93-27
272,Жданова Ева Даниэльевна,1986.06.02,+7 (499) 107-70-26
273,Егорова Василина Львовна,1997.10.20,+7 (115) 427-91-87
274,Шаповалова Ксения Павловна,1956.11.21,+7 (867) 833-04-71
275,Филиппова Дарина Максимовна,1974.12.01,+7 (793) 073-79-47
276,Романов Даниль Николаевич,1982.06.30,+7 (819) 509-18-89
277,Алексеев Захар Михайлович,1995.11.07,+7 (659) 474-39-64
278,Евдокимов Тимофей Львович,1949.01.29,+7 (037) 945-97-87
279,Одинцов Дмитрий Иванович,1985.11.26,+7 (511) 566-36-70
280,Майорова Алиса Фёдоровна,1955.04.11,+7 (717) 777-98-20
281,Логинова Лилия Сергеевна,1964.06.27,+7 (114) 610-14-98
282,Виноградова Милана Александровна,1945.06.18,+7 (869) 632-70-20
283,Тарасова Мария Мирославовна,1965.12.26,+7 (701) 131-40-31
284,Попов Ярослав Михайлович,1966.12.01,+7 (200) 622-51-91
285,Богданова Виктория Давидовна,1973.09.19,+7 (052) 305-94-30
286,Быков Иван Артемьевич,1946.07.23,+7 (960) 451-73-48
287,Маркин Михаил Львович,1944.04.13,+7 (366) 802-00-48
288,Михайлова Ольга Марковна,1967.07.17,+7 (779) 310-33-67
289,Соколов Михаил Михайлович,1997.06.11,+7 (643) 549-26-02
290,Максимов Вячеслав Дамирович,1951.05.16,+7 (902) 897-33-70
291,Потапов Максим Владимирович,1989.12.15,+7 (255) 188-63-38
292,Пахомова Светлана Максимовна,1996.12.04,+7 (045) 282-74-19
293,Богданов Владимир Степанович,1975.03.26,+7 (459) 181-19-16
294,Петухова Александра Максимовна,1963.04.01,+7 (172) 232-28-62
295,Ушакова Марина Давидовна,1980.12.21,+7 (736) 608-10-30
296,Львов Виктор Тимурович,1984.09.29,+7 (533) 187-24-78
297,Морозов Артемий Даниэльевич,1965.02.08,+7 (393) 323-81-20
298,Коновалова Анастасия Ильинична,1970.01.29,+7 (177) 465-40-74
299,Капустин Артём Юрьевич,1952.04.11,+7 (382) 495-28-33
300,Васильева Анастасия Ильинична,1964.08.25,+7 (497) 261-55-79
301,Потапова Арина Александровна,1955.02.11,+7 (080) 734-48-85
302,Егорова Варвара Андреевна,1980.07.08,+7 (515) 600-42-10
303,Александров Вячеслав Максимович,1957.11.11,+7 (258) 193-44-68
304,Кожевников Артём Даниилович,1982.03.17,+7 (151) 490-29-60
305,Воробьев Михаил Даниилович,1970.10.22,+7 (624) 238-25-13
306,Макаров Константин Маркович,1982.07.24,+7 (332) 096-71-13
307,Николаев Михаил Даниилович,1975.11.25,+7 (527) 690-72-14
308,Агеев Даниил Егорович,1993.10.02,+7 (322) 088-19-04
309,Пастухов Илья Арсентьевич,1965.01.24,+7 (290) 844-21-00
310,Завьялов Иван Антонович,1993.09.29,+7 (997) 319-27-91
311,Волков Роман Данильевич,1967.06.15,+7 (817) 347-89-77
312,Акимов Владислав Львович,1945.06.25,+7 (350) 353-23-11
313,Журавлев Владислав Романович,1976.08.20,+7 (160) 887-70-51
314,Покровский Михаил Александрович,1964.04.06,+7 (101) 310-45-21
315,Ткачев Лев Романович,1941.10.24,+7 (584) 452-81-23
316,Никитина Яна Евгеньевна,1971.03.12,+7 (581) 790-08-87
317,Коновалов Владимир Дмитриевич,1967.12.02,+7 (490) 524-92-77
318,Осипова Ева Максимовна,1957.09.26,+7 (090) 087-67-46
319,Воробьев Дмитрий Тимурович,1973.02.26,+7 (172) 608-69-98
320,Маркова Анна Фёдоровна,1979.06.01,+7 (479) 467-77-88
321,Лебедева Екатерина Артёмовна,1985.08.22,+7 (202) 778-32-29
322,Вешнякова Камилла Васильевна,1954.06.25,+7 (755) 100-09-63
323,Родионова Лада Ильинична,1981.04.22,+7 (535) 876-32-98
324,Ефимов Илья Иванович,1955.06.06,+7 (262) 895-38-65
325,Климова Вероника Арсентьевна,1962.01.08,+7 (199) 434-38-01
326,Иванов Марк Дмитриевич,1940.02.21,+7 (227) 170-07-39
327,Старостина Оливия Ивановна,1958.12.19,+7 (625) 307-57-60
328,Прохорова Марьям Дмитриевна,1959.05.23,+7 (470) 396-07-60
329,Григорьев Андрей Александрович,1996.04.28,+7 (558) 841-62-25
330,Гончаров Лев Романович,1974.08.20,+7 (821) 842-44-72
331,Пономарева Полина Максимовна,1993.02.13,+7 (044) 125-13-74
332,Лебедев Марк Львович,1943.06.30,+7 (640) 611-28-39
333,Петровская Дарья Владиславовна,1981.10.01,+7 (258) 394-76-18
334,Терентьев Лев Сергеевич,1965.06.05,+7 (158) 686-46-93
335,Морозов Никита Даниилович,1979.01.09,+7 (287) 970-99-27
336,Лаврентьев Артём Иванович,1994.02.14,+7 (329) 474-72-12
337,Кожевникова Татьяна Данииловна,1998.11.06,+7 (783) 621-95-53
338,Куликова Лидия Борисовна,1969.04.13,+7 (542) 604-02-01
339,Воронин Адам Егорович,1986.09.15,+7 (292) 070-21-48
340,Борисова Агния Серафимовна,1971.03.16,+7 (596) 104-55-24
341,Князев Владислав Даниилович,1985.06.01,+7 (732) 824-98-22
342,Щербакова Арина Ильинична,1991.06.26,+7 (519) 025-64-28
343,Кузьмина Мария Мирославовна,1989.06.25,+7 (853) 618-16-44
344,Гаврилов Артём Арсентьевич,1953.07.23,+7 (106) 152-33-66
345,Соболева Таисия Артёмовна,1952.07.14,+7 (438) 106-48-94
346,Смирнов Платон Денисович,1961.12.26,+7 (989) 678-11-59
347,Терехова Вероника Лукинична,1956.07.26,+7 (186) 520-09-64
348,Озерова Дарья Кирилловна,2000.05.23,+7 (153) 728-14-40
349,Калмыкова Кира Георгиевна,1955.12.31,+7 (198) 071-68-86
350,Тимофеев Михаил Даниилович,1956.12.29,+7 (388) 707-86-45
351,Афанасьев Артём Алиевич,1974.09.25,+7 (441) 807-97-80
352,Щеглова Ульяна Александровна,1944.08.23,+7 (342) 444-70-29
353,Ковалев Тимофей Михайлович,1949.10.02,+7 (060) 960-79-32
354,Маслов Никита Иванович,1986.10.23,+7 (605) 900-29-17
355,Носова Милана Александровна,1981.01.15,+7 (561) 915-73-70
356,Кузнецов Максим Львович,1994.12.10,+7 (065) 662-34-72
357,Шевелева Ангелина Михайловна,1998.08.11,+7 (346) 576-07-66
358,Гусев Савелий Павлович,2000.02.05,+7 (941) 242-61-83
359,Кошелев Даниил Романович,1996.01.10,+7 (871) 493-76-46
360,Петрова Наталия Ивановна,1987.05.10,+7 (595) 292-99-39
361,Борисов Михаил Никитич,1995.09.30,+7 (921) 708-04-70
362,Кондратьева Милана Юрьевна,1947.11.11,+7 (324) 860-72-04
363,Белов Роман Иванович,1957.03.24,+7 (975) 183-61-68
364,Алексеева Кира Максимовна,1944.01.20,+7 (647) 404-65-69
365,Герасимова Екатерина Андреевна,1976.11.06,+7 (380) 846-28-30
366,Лебедев Илья Кириллович,1954.06.10,+7 (619) 381-42-91
367,Королев Георгий Тимурович,2000.03.27,+7 (077) 356-13-83
368,Дружинина Полина Мироновна,1946.09.01,+7 (193) 619-20-38
369,Белова Виктория Петровна,1958.12.06,+7 (871) 047-84-12
370,Васильева Вероника Матвеевна,1953.07.30,+7 (851) 437-23-00
371,Зубкова Екатерина Александровна,2000.10.14,+7 (182) 719-09-13
372,Тихомирова Милана Артёмовна,1979.07.29,+7 (893) 219-82-05
373,Смирнов Лев Артёмович,1975.09.09,+7 (100) 081-24-55
374,Голованова Елена Тимофеевна,1966.05.05,+7 (470) 418-29-83
375,Воронцова Анна Дамировна,1985.09.29,+7 (946) 452-02-60
376,Назаров Святослав Львович,1990.02.06,+7 (514) 217-70-12
377,Павлов Николай Егорович,1999.02.25,+7 (661) 104-16-23
378,Григорьев Никита Львович,1970.07.14,+7 (838) 578-04-97
379,Васильева Анна Александровна,1969.11.29,+7 (723) 978-75-78
380,Попова Дарья Андреевна,1940.08.23,+7 (976) 834-37-53
381,Болдырева Марьям Марковна,1941.05.28,+7 (272) 850-12-28
382,Иванова Анастасия Павловна,1989.09.18,+7 (532) 281-28-86
383,Тихонова Марта Ивановна,1967.07.11,+7 (087) 352-78-40
384,Новиков Егор Никитич,1963.03.26,+7 (751) 865-46-31
385,Архипов Игнат Иванович,1994.05.10,+7 (011) 801-85-44
386,Ермолаев Кирилл Сергеевич,1954.09.20,+7 (472) 604-37-75
387,Мельников Кирилл Елисеевич,1983.02.09,+7 (594) 268-16-49
388,Трофимова Алиса Данииловна,1983.03.22,+7 (108) 486-49-69
389,Бирюков Савелий Алексеевич,1990.05.17,+7 (081) 612-78-29
390,Жукова Ангелина Егоровна,1965.05.05,+7 (324) 757-86-63
391,Архипов Андрей Давидович,1977.08.03,+7 (173) 302-13-28
392,Матвеева Василиса Максимовна,1998.07.12,+7 (431) 332-45-46
393,Давыдов Степан Кириллович,1953.02.11,+7 (888) 215-30-32
394,Воробьева Кира Дмитриевна,1961.03.24,+7 (015) 825-28-98
395,Петров Даниил Ильич,1958.02.06,+7 (469) 834-03-87
396,Ширяева Алиса Вячеславовна,1956.05.23,+7 (230) 280-09-55
397,Борисов Степан Савельевич,1958.01.14,+7 (077) 201-42-45
398,Касьянов Захар Глебович,1993.08.28,+7 (964) 528-60-44
399,Тихонова Олеся Александровна,1949.04.08,+7 (000) 495-95-06
400,Кузнецова Василиса Марковна,1989.02.25,+7 (820) 563-90-73
401,Ефимова Варвара Эминовна,1943.05.31,+7 (299) 383-97-82
402,Львов Роберт Глебович,1985.12.12,+7 (764) 821-20-80
403,Ушаков Иван Савельевич,1969.10.25,+7 (232) 053-70-35
404,Морозов Платон Николаевич,1962.07.03,+7 (752) 179-17-88
405,Федоров Лев Никитич,1985.09.16,+7 (339) 348-80-24
406,Воронина Александра Ильинична,1986.09.05,+7 (565) 085-15-29
407,Панин Семён Леонович,1997.04.01,+7 (956) 623-38-07
408,Потапов Даниэль Тимурович,2000.02.25,+7 (383) 184-50-02
409,Лазарев Даниил Максимович,1964.02.11,+7 (131) 356-43-63
410,Пугачев Никита Макарович,1948.05.08,+7 (107) 902-90-74
411,Сальникова Агата Тимофеевна,1995.08.20,+7 (570) 747-35-98
412,Титов Александр Романович,1998.02.15,+7 (651) 978-87-78
413,Зайцева Сабина Константиновна,1969.09.13,+7 (778) 737-31-37
414,Одинцова Милана Робертовна,2000.12.09,+7 (027) 615-96-20
415,Мартынов Михаил Александрович,1961.10.07,+7 (534) 521-31-48
416,Гусева Мария Макаровна,1953.11.25,+7 (215) 834-67-92
417,Жукова Кристина Александровна,1972.09.27,+7 (974) 866-17-07
418,Иванова Екатерина Георгиевна,1951.07.20,+7 (851) 884-46-97
419,Филиппов Марк Макарович,1989.08.19,+7 (292) 355-40-45
420,Добрынин Иван Фёдорович,1999.06.03,+7 (355) 909-85-86
421,Ульянова Анна Алексеевна,1997.02.15,+7 (591) 892-45-24
422,Ковалев Мирон Родионович,1983.10.22,+7 (655) 277-46-06
423,Козлов Артём Александрович,1959.03.21,+7 (539) 082-36-90
424,Федорова Варвара Михайловна,1941.08.24,+7 (600) 830-06-68
425,Фролова Ольга Павловна,1977.01.11,+7 (266) 603-08-49
426,Успенский Игорь Александрович,1981.11.17,+7 (423) 680-13-41
427,Платонов Максим Кириллович,1986.04.11,+7 (412) 722-30-55
428,Белоусова Алиса Марковна,1982.11.28,+7 (854) 838-96-63
429,Леонов Иван Ярославович,1965.10.23,+7 (262) 533-39-86
430,Львова Злата Львовна,1963.10.24,+7 (752) 667-90-76
431,Попов Александр Станиславович,1944.02.01,+7 (473) 863-12-48
432,Воронкова Полина Данииловна,1998.03.21,+7 (122) 601-46-09
433,Козырев Григорий Владиславович,1993.08.21,+7 (408) 514-83-82
434,Зубков Артём Елисеевич,1956.05.20,+7 (358) 771-91-11
435,Лаврова Ева Максимовна,1974.06.27,+7 (802) 135-88-17
436,Ефремов Макар Демидович,1971.12.22,+7 (634) 935-70-64
437,Иванов Сергей Георгиевич,1942.11.22,+7 (162) 034-61-80
438,Широкова Алиса Ивановна,1945.08.01,+7 (242) 606-69-32
439,Крылов Григорий Никитич,1973.05.23,+7 (544) 815-00-71
440,Смирнова Мария Романовна,1973.01.15,+7 (208) 371-90-76
441,Кузнецова Алиса Тимуровна,1998.09.22,+7 (661) 630-66-67
442,Барсуков Максим Даниилович,1958.02.28,+7 (955) 021-02-80
443,Попова Аиша Андреевна,1995.10.22,+7 (659) 471-39-29
444,Алексеев Антон Лукич ,1945.03.10,+7 (350) 860-66-53
445,Данилов Фёдор Артёмович,1976.11.13,+7 (257) 955-51-02
446,Минаев Артемий Ибрагимович,1969.11.02,+7 (582) 314-51-67
447,Щербакова Ева Ильинична,1942.02.19,+7 (623) 892-33-08
448,Кириллов Иван Михайлович,1940.09.15,+7 (340) 782-28-77
449,Ильин Роман Олегович,1947.08.28,+7 (353) 962-43-70
450,Белова Анастасия Романовна,1949.03.04,+7 (469) 285-79-32
451,Иванова Софья Николаевна,1970.03.16,+7 (342) 757-95-66
452,Соколов Никита Сергеевич,1984.03.27,+7 (933) 349-82-32